N,xyz,A,Q
13C,[-3.97429769 24.58570231 -8.75984696],"[[0. 0. 0.]
 [0. 0. 0.]
 [0. 0. 0.]]","[[0. 0. 0.]
 [0. 0. 0.]
 [0. 0. 0.]]"
13C,[2.22044605e-16 2.22044605e-16 1.54585535e+00],"[[0. 0. 0.]
 [0. 0. 0.]
 [0. 0. 0.]]","[[0. 0. 0.]
 [0. 0. 0.]
 [0. 0. 0.]]"
13C,[0.92949581 6.28449581 4.12228092],"[[0. 0. 0.]
 [0. 0. 0.]
 [0. 0. 0.]]","[[0. 0. 0.]
 [0. 0. 0.]
 [0. 0. 0.]]"
13C,[  3.81905765  19.88405765 -16.48912369],"[[0. 0. 0.]
 [0. 0. 0.]
 [0. 0. 0.]]","[[0. 0. 0.]
 [0. 0. 0.]
 [0. 0. 0.]]"
13C,[  8.85100839 -23.27899161  -2.06114046],"[[0. 0. 0.]
 [0. 0. 0.]
 [0. 0. 0.]]","[[0. 0. 0.]
 [0. 0. 0.]
 [0. 0. 0.]]"
13C,[ 10.71       -10.71       -12.36684277],"[[0. 0. 0.]
 [0. 0. 0.]
 [0. 0. 0.]]","[[0. 0. 0.]
 [0. 0. 0.]
 [0. 0. 0.]]"
13C,[-1.52834874e+01 -6.35848742e+00  2.22044605e-15],"[[0. 0. 0.]
 [0. 0. 0.]
 [0. 0. 0.]]","[[0. 0. 0.]
 [0. 0. 0.]
 [0. 0. 0.]]"
13C,[-16.48912369 -16.48912369  10.30570231],"[[0. 0. 0.]
 [0. 0. 0.]
 [0. 0. 0.]]","[[0. 0. 0.]
 [0. 0. 0.]
 [0. 0. 0.]]"
13C,[-6.28449581 -0.92949581 26.79482599],"[[0. 0. 0.]
 [0. 0. 0.]
 [0. 0. 0.]]","[[0. 0. 0.]
 [0. 0. 0.]
 [0. 0. 0.]]"
13C,[ 26.84899161 -12.42100839   3.60699581],"[[0. 0. 0.]
 [0. 0. 0.]
 [0. 0. 0.]]","[[0. 0. 0.]
 [0. 0. 0.]
 [0. 0. 0.]]"
13C,[-11.03304926 -27.09804926  -2.57642558],"[[0. 0. 0.]
 [0. 0. 0.]
 [0. 0. 0.]]","[[0. 0. 0.]
 [0. 0. 0.]
 [0. 0. 0.]]"
13C,[-7.21399161 -7.21399161 11.85155765],"[[0. 0. 0.]
 [0. 0. 0.]
 [0. 0. 0.]]","[[0. 0. 0.]
 [0. 0. 0.]
 [0. 0. 0.]]"
13C,[ -2.74157862  15.10842138 -30.91710692],"[[0. 0. 0.]
 [0. 0. 0.]
 [0. 0. 0.]]","[[0. 0. 0.]
 [0. 0. 0.]
 [0. 0. 0.]]"
13C,[  5.00486793 -23.55513207  20.09611949],"[[0. 0. 0.]
 [0. 0. 0.]
 [0. 0. 0.]]","[[0. 0. 0.]
 [0. 0. 0.]
 [0. 0. 0.]]"
13C,[-2.33728092 -5.90728092 10.30570231],"[[0. 0. 0.]
 [0. 0. 0.]
 [0. 0. 0.]]","[[0. 0. 0.]
 [0. 0. 0.]
 [0. 0. 0.]]"
13C,[ 24.78785115 -14.48214885  -8.24456184],"[[0. 0. 0.]
 [0. 0. 0.]
 [0. 0. 0.]]","[[0. 0. 0.]
 [0. 0. 0.]
 [0. 0. 0.]]"
13C,[14.60304926 23.52804926  5.66813627],"[[0. 0. 0.]
 [0. 0. 0.]
 [0. 0. 0.]]","[[0. 0. 0.]
 [0. 0. 0.]
 [0. 0. 0.]]"
13C,[-22.62563627  11.28936373  24.21840042],"[[0. 0. 0.]
 [0. 0. 0.]
 [0. 0. 0.]]","[[0. 0. 0.]
 [0. 0. 0.]
 [0. 0. 0.]]"
13C,[ 8.69576834 21.19076834  9.79041719],"[[0. 0. 0.]
 [0. 0. 0.]
 [0. 0. 0.]]","[[0. 0. 0.]
 [0. 0. 0.]
 [0. 0. 0.]]"
13C,[  1.785       -1.785      -35.55467295],"[[0. 0. 0.]
 [0. 0. 0.]
 [0. 0. 0.]]","[[0. 0. 0.]
 [0. 0. 0.]
 [0. 0. 0.]]"
13C,[  7.44322327 -22.90177673   6.18342138],"[[0. 0. 0.]
 [0. 0. 0.]
 [0. 0. 0.]]","[[0. 0. 0.]
 [0. 0. 0.]
 [0. 0. 0.]]"
13C,[ 4.29734696 13.22234696  3.60699581],"[[0. 0. 0.]
 [0. 0. 0.]
 [0. 0. 0.]]","[[0. 0. 0.]
 [0. 0. 0.]
 [0. 0. 0.]]"
13C,[-11.81456184  -4.67456184  15.97383857],"[[0. 0. 0.]
 [0. 0. 0.]
 [0. 0. 0.]]","[[0. 0. 0.]
 [0. 0. 0.]
 [0. 0. 0.]]"
13C,[-16.967413    -9.827413     4.12228092],"[[0. 0. 0.]
 [0. 0. 0.]
 [0. 0. 0.]]","[[0. 0. 0.]
 [0. 0. 0.]
 [0. 0. 0.]]"
13C,[-11.91563627   0.57936373  24.21840042],"[[0. 0. 0.]
 [0. 0. 0.]
 [0. 0. 0.]]","[[0. 0. 0.]
 [0. 0. 0.]
 [0. 0. 0.]]"
13C,[ 6.63462788 19.12962788 24.21840042],"[[0. 0. 0.]
 [0. 0. 0.]
 [0. 0. 0.]]","[[0. 0. 0.]
 [0. 0. 0.]
 [0. 0. 0.]]"
13C,[ 31.34848742  -9.70651258 -18.55026415],"[[0. 0. 0.]
 [0. 0. 0.]
 [0. 0. 0.]]","[[0. 0. 0.]
 [0. 0. 0.]
 [0. 0. 0.]]"
13C,[ 0.82842138 11.53842138  6.18342138],"[[0. 0. 0.]
 [0. 0. 0.]
 [0. 0. 0.]]","[[0. 0. 0.]
 [0. 0. 0.]
 [0. 0. 0.]]"
13C,[ 6.28449581  0.92949581 30.4018218 ],"[[0. 0. 0.]
 [0. 0. 0.]
 [0. 0. 0.]]","[[0. 0. 0.]
 [0. 0. 0.]
 [0. 0. 0.]]"
13C,[-24.20848742   2.56651258  -6.18342138],"[[0. 0. 0.]
 [0. 0. 0.]
 [0. 0. 0.]]","[[0. 0. 0.]
 [0. 0. 0.]
 [0. 0. 0.]]"
13C,[ 20.36234696  -2.84265304 -10.30570231],"[[0. 0. 0.]
 [0. 0. 0.]
 [0. 0. 0.]]","[[0. 0. 0.]
 [0. 0. 0.]
 [0. 0. 0.]]"
13C,[-25.41412369  -7.56412369  11.85155765],"[[0. 0. 0.]
 [0. 0. 0.]
 [0. 0. 0.]]","[[0. 0. 0.]
 [0. 0. 0.]
 [0. 0. 0.]]"
13C,[ 10.30570231  10.30570231 -22.67254507],"[[0. 0. 0.]
 [0. 0. 0.]
 [0. 0. 0.]]","[[0. 0. 0.]
 [0. 0. 0.]
 [0. 0. 0.]]"
13C,[ -6.21050419  13.42449581 -12.88212788],"[[0. 0. 0.]
 [0. 0. 0.]
 [0. 0. 0.]]","[[0. 0. 0.]
 [0. 0. 0.]
 [0. 0. 0.]]"
13C,[ 21.69614046 -17.57385954  -6.6987065 ],"[[0. 0. 0.]
 [0. 0. 0.]
 [0. 0. 0.]]","[[0. 0. 0.]
 [0. 0. 0.]
 [0. 0. 0.]]"
13C,[ 6.05526415 31.04526415 -6.18342138],"[[0. 0. 0.]
 [0. 0. 0.]
 [0. 0. 0.]]","[[0. 0. 0.]
 [0. 0. 0.]
 [0. 0. 0.]]"
13C,[  0.20214885 -10.50785115 -16.48912369],"[[0. 0. 0.]
 [0. 0. 0.]
 [0. 0. 0.]]","[[0. 0. 0.]
 [0. 0. 0.]
 [0. 0. 0.]]"
13C,[-17.04140461 -24.18140461  -8.75984696],"[[0. 0. 0.]
 [0. 0. 0.]
 [0. 0. 0.]]","[[0. 0. 0.]
 [0. 0. 0.]
 [0. 0. 0.]]"
13C,[ 10.91214885 -21.21785115  22.15725996],"[[0. 0. 0.]
 [0. 0. 0.]
 [0. 0. 0.]]","[[0. 0. 0.]
 [0. 0. 0.]
 [0. 0. 0.]]"
13C,[  5.90728092   2.33728092 -35.03938784],"[[0. 0. 0.]
 [0. 0. 0.]
 [0. 0. 0.]]","[[0. 0. 0.]
 [0. 0. 0.]
 [0. 0. 0.]]"
13C,[ -4.39842138  -7.96842138 -10.82098742],"[[0. 0. 0.]
 [0. 0. 0.]
 [0. 0. 0.]]","[[0. 0. 0.]
 [0. 0. 0.]
 [0. 0. 0.]]"
13C,[-10.60892558   5.45607442  36.58524318],"[[0. 0. 0.]
 [0. 0. 0.]
 [0. 0. 0.]]","[[0. 0. 0.]
 [0. 0. 0.]
 [0. 0. 0.]]"
13C,[15.08133857 16.86633857 -0.51528512],"[[0. 0. 0.]
 [0. 0. 0.]
 [0. 0. 0.]]","[[0. 0. 0.]
 [0. 0. 0.]
 [0. 0. 0.]]"
13C,[  0.20214885 -10.50785115 -10.30570231],"[[0. 0. 0.]
 [0. 0. 0.]
 [0. 0. 0.]]","[[0. 0. 0.]
 [0. 0. 0.]
 [0. 0. 0.]]"
13C,[-15.13550419  22.34949581  -2.06114046],"[[0. 0. 0.]
 [0. 0. 0.]
 [0. 0. 0.]]","[[0. 0. 0.]
 [0. 0. 0.]
 [0. 0. 0.]]"
13C,[16.79234696  0.72734696 -4.12228092],"[[0. 0. 0.]
 [0. 0. 0.]
 [0. 0. 0.]]","[[0. 0. 0.]
 [0. 0. 0.]
 [0. 0. 0.]]"
13C,[ -1.43486793  19.98513207 -10.82098742],"[[0. 0. 0.]
 [0. 0. 0.]
 [0. 0. 0.]]","[[0. 0. 0.]
 [0. 0. 0.]
 [0. 0. 0.]]"
13C,[25.31304926 12.81804926  5.66813627],"[[0. 0. 0.]
 [0. 0. 0.]
 [0. 0. 0.]]","[[0. 0. 0.]
 [0. 0. 0.]
 [0. 0. 0.]]"
13C,[ 6.28449581  0.92949581 11.85155765],"[[0. 0. 0.]
 [0. 0. 0.]
 [0. 0. 0.]]","[[0. 0. 0.]
 [0. 0. 0.]
 [0. 0. 0.]]"
13C,[-9.88157862 22.24842138  1.54585535],"[[0. 0. 0.]
 [0. 0. 0.]
 [0. 0. 0.]]","[[0. 0. 0.]
 [0. 0. 0.]
 [0. 0. 0.]]"
13C,[ 3.81905765 19.88405765  8.24456184],"[[0. 0. 0.]
 [0. 0. 0.]
 [0. 0. 0.]]","[[0. 0. 0.]
 [0. 0. 0.]
 [0. 0. 0.]]"
13C,[ -2.13513207 -16.41513207  13.91269811],"[[0. 0. 0.]
 [0. 0. 0.]
 [0. 0. 0.]]","[[0. 0. 0.]
 [0. 0. 0.]
 [0. 0. 0.]]"
13C,[ -2.78848742 -18.85348742   6.18342138],"[[0. 0. 0.]
 [0. 0. 0.]
 [0. 0. 0.]]","[[0. 0. 0.]
 [0. 0. 0.]
 [0. 0. 0.]]"
13C,[ 19.45993396 -28.73506604   6.18342138],"[[0. 0. 0.]
 [0. 0. 0.]
 [0. 0. 0.]]","[[0. 0. 0.]
 [0. 0. 0.]
 [0. 0. 0.]]"
13C,[  8.37271908 -16.61728092  11.85155765],"[[0. 0. 0.]
 [0. 0. 0.]
 [0. 0. 0.]]","[[0. 0. 0.]
 [0. 0. 0.]
 [0. 0. 0.]]"
13C,[ 0.55228092  7.69228092 28.34068134],"[[0. 0. 0.]
 [0. 0. 0.]
 [0. 0. 0.]]","[[0. 0. 0.]
 [0. 0. 0.]
 [0. 0. 0.]]"
13C,[-15.93684277  -8.79684277  12.36684277],"[[0. 0. 0.]
 [0. 0. 0.]
 [0. 0. 0.]]","[[0. 0. 0.]
 [0. 0. 0.]
 [0. 0. 0.]]"
13C,[-13.72771908  21.97228092   9.79041719],"[[0. 0. 0.]
 [0. 0. 0.]
 [0. 0. 0.]]","[[0. 0. 0.]
 [0. 0. 0.]
 [0. 0. 0.]]"
13C,[  4.49949581   2.71449581 -25.24897065],"[[0. 0. 0.]
 [0. 0. 0.]
 [0. 0. 0.]]","[[0. 0. 0.]
 [0. 0. 0.]
 [0. 0. 0.]]"
13C,[-15.55962788 -10.20462788 -21.12668973],"[[0. 0. 0.]
 [0. 0. 0.]
 [0. 0. 0.]]","[[0. 0. 0.]
 [0. 0. 0.]
 [0. 0. 0.]]"
13C,[15.38456184  1.10456184 24.21840042],"[[0. 0. 0.]
 [0. 0. 0.]
 [0. 0. 0.]]","[[0. 0. 0.]
 [0. 0. 0.]
 [0. 0. 0.]]"
13C,[-3.46892558 -1.68392558 42.76866457],"[[0. 0. 0.]
 [0. 0. 0.]
 [0. 0. 0.]]","[[0. 0. 0.]
 [0. 0. 0.]
 [0. 0. 0.]]"
13C,[-15.38456184  -1.10456184   2.06114046],"[[0. 0. 0.]
 [0. 0. 0.]
 [0. 0. 0.]]","[[0. 0. 0.]
 [0. 0. 0.]
 [0. 0. 0.]]"
13C,[-20.36234696   2.84265304   5.66813627],"[[0. 0. 0.]
 [0. 0. 0.]
 [0. 0. 0.]]","[[0. 0. 0.]
 [0. 0. 0.]
 [0. 0. 0.]]"
13C,[ -4.19627254 -18.47627254  -2.57642558],"[[0. 0. 0.]
 [0. 0. 0.]
 [0. 0. 0.]]","[[0. 0. 0.]
 [0. 0. 0.]
 [0. 0. 0.]]"
13C,[-10.50785115   0.20214885  14.42798323],"[[0. 0. 0.]
 [0. 0. 0.]
 [0. 0. 0.]]","[[0. 0. 0.]
 [0. 0. 0.]
 [0. 0. 0.]]"
13C,[-2.06114046 -2.06114046 -4.12228092],"[[0. 0. 0.]
 [0. 0. 0.]
 [0. 0. 0.]]","[[0. 0. 0.]
 [0. 0. 0.]
 [0. 0. 0.]]"
13C,[15.86285115 -5.55714885 16.48912369],"[[0. 0. 0.]
 [0. 0. 0.]
 [0. 0. 0.]]","[[0. 0. 0.]
 [0. 0. 0.]
 [0. 0. 0.]]"
13C,[-5.58423166 35.47076834 -4.12228092],"[[0. 0. 0.]
 [0. 0. 0.]
 [0. 0. 0.]]","[[0. 0. 0.]
 [0. 0. 0.]
 [0. 0. 0.]]"
13C,[-3.74506604 -5.53006604  7.72927673],"[[0. 0. 0.]
 [0. 0. 0.]
 [0. 0. 0.]]","[[0. 0. 0.]
 [0. 0. 0.]
 [0. 0. 0.]]"
13C,[-5.65822327 21.11677673 13.91269811],"[[0. 0. 0.]
 [0. 0. 0.]
 [0. 0. 0.]]","[[0. 0. 0.]
 [0. 0. 0.]
 [0. 0. 0.]]"
13C,[21.19076834  8.69576834 22.15725996],"[[0. 0. 0.]
 [0. 0. 0.]
 [0. 0. 0.]]","[[0. 0. 0.]
 [0. 0. 0.]
 [0. 0. 0.]]"
13C,[  6.38557023  -4.32442977 -14.94326834],"[[0. 0. 0.]
 [0. 0. 0.]
 [0. 0. 0.]]","[[0. 0. 0.]
 [0. 0. 0.]
 [0. 0. 0.]]"
13C,[-28.63399161  14.20600839  11.85155765],"[[0. 0. 0.]
 [0. 0. 0.]
 [0. 0. 0.]]","[[0. 0. 0.]
 [0. 0. 0.]
 [0. 0. 0.]]"
13C,[ -8.54778512   7.51721488 -22.67254507],"[[0. 0. 0.]
 [0. 0. 0.]
 [0. 0. 0.]]","[[0. 0. 0.]
 [0. 0. 0.]
 [0. 0. 0.]]"
13C,[-8.99899161 -5.42899161 18.03497903],"[[0. 0. 0.]
 [0. 0. 0.]
 [0. 0. 0.]]","[[0. 0. 0.]
 [0. 0. 0.]
 [0. 0. 0.]]"
13C,[  7.96842138   4.39842138 -29.37125157],"[[0. 0. 0.]
 [0. 0. 0.]
 [0. 0. 0.]]","[[0. 0. 0.]
 [0. 0. 0.]
 [0. 0. 0.]]"
13C,[  0.40429769 -21.01570231  -6.6987065 ],"[[0. 0. 0.]
 [0. 0. 0.]
 [0. 0. 0.]]","[[0. 0. 0.]
 [0. 0. 0.]
 [0. 0. 0.]]"
13C,[ -9.85449581   2.64050419 -22.67254507],"[[0. 0. 0.]
 [0. 0. 0.]
 [0. 0. 0.]]","[[0. 0. 0.]
 [0. 0. 0.]
 [0. 0. 0.]]"
13C,[ 5.88019811 21.94519811 13.91269811],"[[0. 0. 0.]
 [0. 0. 0.]
 [0. 0. 0.]]","[[0. 0. 0.]
 [0. 0. 0.]
 [0. 0. 0.]]"
13C,[-14.7312065    1.3337935  -21.12668973],"[[0. 0. 0.]
 [0. 0. 0.]
 [0. 0. 0.]]","[[0. 0. 0.]
 [0. 0. 0.]
 [0. 0. 0.]]"
13C,[12.44083438 26.72083438 14.42798323],"[[0. 0. 0.]
 [0. 0. 0.]
 [0. 0. 0.]]","[[0. 0. 0.]
 [0. 0. 0.]
 [0. 0. 0.]]"
13C,[ -2.53942977   4.60057023 -21.12668973],"[[0. 0. 0.]
 [0. 0. 0.]
 [0. 0. 0.]]","[[0. 0. 0.]
 [0. 0. 0.]
 [0. 0. 0.]]"
13C,[ -1.85899161 -12.56899161  -0.51528512],"[[0. 0. 0.]
 [0. 0. 0.]
 [0. 0. 0.]]","[[0. 0. 0.]
 [0. 0. 0.]
 [0. 0. 0.]]"
13C,[24.20848742 -2.56651258  7.72927673],"[[0. 0. 0.]
 [0. 0. 0.]
 [0. 0. 0.]]","[[0. 0. 0.]
 [0. 0. 0.]
 [0. 0. 0.]]"
13C,[ 1.77218428e+01  7.01184277e+00 -2.22044605e-15],"[[0. 0. 0.]
 [0. 0. 0.]
 [0. 0. 0.]]","[[0. 0. 0.]
 [0. 0. 0.]
 [0. 0. 0.]]"
13C,[-11.71348742  -9.92848742  18.55026415],"[[0. 0. 0.]
 [0. 0. 0.]
 [0. 0. 0.]]","[[0. 0. 0.]
 [0. 0. 0.]
 [0. 0. 0.]]"
13C,[ -5.25392558   0.10107442 -31.43239203],"[[0. 0. 0.]
 [0. 0. 0.]
 [0. 0. 0.]]","[[0. 0. 0.]
 [0. 0. 0.]
 [0. 0. 0.]]"
13C,[-6.66171069  0.47828931 37.1005283 ],"[[0. 0. 0.]
 [0. 0. 0.]
 [0. 0. 0.]]","[[0. 0. 0.]
 [0. 0. 0.]
 [0. 0. 0.]]"
13C,[10.85798323 17.99798323 16.48912369],"[[0. 0. 0.]
 [0. 0. 0.]
 [0. 0. 0.]]","[[0. 0. 0.]
 [0. 0. 0.]
 [0. 0. 0.]]"
13C,[-7.06600839 21.49399161 15.97383857],"[[0. 0. 0.]
 [0. 0. 0.]
 [0. 0. 0.]]","[[0. 0. 0.]
 [0. 0. 0.]
 [0. 0. 0.]]"
13C,[ 12.495      -12.495       -4.63756604],"[[0. 0. 0.]
 [0. 0. 0.]
 [0. 0. 0.]]","[[0. 0. 0.]
 [0. 0. 0.]
 [0. 0. 0.]]"
13C,[14.60304926 23.52804926 -0.51528512],"[[0. 0. 0.]
 [0. 0. 0.]
 [0. 0. 0.]]","[[0. 0. 0.]
 [0. 0. 0.]
 [0. 0. 0.]]"
13C,[-24.38355346  -6.53355346  13.91269811],"[[0. 0. 0.]
 [0. 0. 0.]
 [0. 0. 0.]]","[[0. 0. 0.]
 [0. 0. 0.]
 [0. 0. 0.]]"
13C,[-20.33526415 -16.76526415  -4.63756604],"[[0. 0. 0.]
 [0. 0. 0.]
 [0. 0. 0.]]","[[0. 0. 0.]
 [0. 0. 0.]
 [0. 0. 0.]]"
13C,[ 12.495      -12.495      -12.36684277],"[[0. 0. 0.]
 [0. 0. 0.]
 [0. 0. 0.]]","[[0. 0. 0.]
 [0. 0. 0.]
 [0. 0. 0.]]"
13C,[ -2.18929769  22.80070231 -14.94326834],"[[0. 0. 0.]
 [0. 0. 0.]
 [0. 0. 0.]]","[[0. 0. 0.]
 [0. 0. 0.]
 [0. 0. 0.]]"
13C,[ 22.24842138  -9.88157862 -18.55026415],"[[0. 0. 0.]
 [0. 0. 0.]
 [0. 0. 0.]]","[[0. 0. 0.]
 [0. 0. 0.]
 [0. 0. 0.]]"
13C,[-22.52456184   6.03543816  14.42798323],"[[0. 0. 0.]
 [0. 0. 0.]
 [0. 0. 0.]]","[[0. 0. 0.]
 [0. 0. 0.]
 [0. 0. 0.]]"
13C,[13.32342138 -0.95657862  6.18342138],"[[0. 0. 0.]
 [0. 0. 0.]
 [0. 0. 0.]]","[[0. 0. 0.]
 [0. 0. 0.]
 [0. 0. 0.]]"
13C,[ 10.02956184   6.45956184 -26.79482599],"[[0. 0. 0.]
 [0. 0. 0.]
 [0. 0. 0.]]","[[0. 0. 0.]
 [0. 0. 0.]
 [0. 0. 0.]]"
13C,[-5.07885954  9.20114046  4.12228092],"[[0. 0. 0.]
 [0. 0. 0.]
 [0. 0. 0.]]","[[0. 0. 0.]
 [0. 0. 0.]
 [0. 0. 0.]]"
13C,[27.19912369  5.77912369 -2.57642558],"[[0. 0. 0.]
 [0. 0. 0.]
 [0. 0. 0.]]","[[0. 0. 0.]
 [0. 0. 0.]
 [0. 0. 0.]]"
13C,[-22.69962788  -3.06462788 -10.30570231],"[[0. 0. 0.]
 [0. 0. 0.]
 [0. 0. 0.]]","[[0. 0. 0.]
 [0. 0. 0.]
 [0. 0. 0.]]"
13C,[  1.13164465  -4.22335535 -29.37125157],"[[0. 0. 0.]
 [0. 0. 0.]
 [0. 0. 0.]]","[[0. 0. 0.]
 [0. 0. 0.]
 [0. 0. 0.]]"
13C,[14.25291719  5.32791719 18.03497903],"[[0. 0. 0.]
 [0. 0. 0.]
 [0. 0. 0.]]","[[0. 0. 0.]
 [0. 0. 0.]
 [0. 0. 0.]]"
13C,[-3.94721488  4.97778512 30.4018218 ],"[[0. 0. 0.]
 [0. 0. 0.]
 [0. 0. 0.]]","[[0. 0. 0.]
 [0. 0. 0.]
 [0. 0. 0.]]"
13C,[ -2.48526415 -34.61526415   7.72927673],"[[0. 0. 0.]
 [0. 0. 0.]
 [0. 0. 0.]]","[[0. 0. 0.]
 [0. 0. 0.]
 [0. 0. 0.]]"
13C,[-10.02956184  -6.45956184 -16.48912369],"[[0. 0. 0.]
 [0. 0. 0.]
 [0. 0. 0.]]","[[0. 0. 0.]
 [0. 0. 0.]
 [0. 0. 0.]]"
13C,[-13.57247903 -22.49747903 -12.88212788],"[[0. 0. 0.]
 [0. 0. 0.]
 [0. 0. 0.]]","[[0. 0. 0.]
 [0. 0. 0.]
 [0. 0. 0.]]"
13C,[-11.46442977  13.52557023  14.42798323],"[[0. 0. 0.]
 [0. 0. 0.]
 [0. 0. 0.]]","[[0. 0. 0.]
 [0. 0. 0.]
 [0. 0. 0.]]"
13C,[-9.40328931 15.58671069 20.09611949],"[[0. 0. 0.]
 [0. 0. 0.]
 [0. 0. 0.]]","[[0. 0. 0.]
 [0. 0. 0.]
 [0. 0. 0.]]"
13C,[-13.72771908  21.97228092  -8.75984696],"[[0. 0. 0.]
 [0. 0. 0.]
 [0. 0. 0.]]","[[0. 0. 0.]
 [0. 0. 0.]
 [0. 0. 0.]]"
13C,[-19.33177673   3.87322327  24.73368553],"[[0. 0. 0.]
 [0. 0. 0.]
 [0. 0. 0.]]","[[0. 0. 0.]
 [0. 0. 0.]
 [0. 0. 0.]]"
13C,[-32.83026415  -4.27026415   1.54585535],"[[0. 0. 0.]
 [0. 0. 0.]
 [0. 0. 0.]]","[[0. 0. 0.]
 [0. 0. 0.]
 [0. 0. 0.]]"
13C,[10.88506604 -1.60993396 13.91269811],"[[0. 0. 0.]
 [0. 0. 0.]
 [0. 0. 0.]]","[[0. 0. 0.]
 [0. 0. 0.]
 [0. 0. 0.]]"
13C,[ 2.13513207 16.41513207 -6.18342138],"[[0. 0. 0.]
 [0. 0. 0.]
 [0. 0. 0.]]","[[0. 0. 0.]
 [0. 0. 0.]
 [0. 0. 0.]]"
13C,[ 3.81905765 19.88405765 20.61140461],"[[0. 0. 0.]
 [0. 0. 0.]
 [0. 0. 0.]]","[[0. 0. 0.]
 [0. 0. 0.]
 [0. 0. 0.]]"
13C,[-14.05076834 -15.83576834  -0.51528512],"[[0. 0. 0.]
 [0. 0. 0.]
 [0. 0. 0.]]","[[0. 0. 0.]
 [0. 0. 0.]
 [0. 0. 0.]]"
13C,[-6.83677673 -8.62177673 -6.18342138],"[[0. 0. 0.]
 [0. 0. 0.]
 [0. 0. 0.]]","[[0. 0. 0.]
 [0. 0. 0.]
 [0. 0. 0.]]"
13C,[-28.15570231   7.54429769  -2.06114046],"[[0. 0. 0.]
 [0. 0. 0.]
 [0. 0. 0.]]","[[0. 0. 0.]
 [0. 0. 0.]
 [0. 0. 0.]]"
13C,[-10.71        10.71        18.55026415],"[[0. 0. 0.]
 [0. 0. 0.]
 [0. 0. 0.]]","[[0. 0. 0.]
 [0. 0. 0.]
 [0. 0. 0.]]"
13C,[ -8.24456184  -8.24456184 -14.94326834],"[[0. 0. 0.]
 [0. 0. 0.]
 [0. 0. 0.]]","[[0. 0. 0.]
 [0. 0. 0.]
 [0. 0. 0.]]"
13C,[-15.38456184  -1.10456184  28.34068134],"[[0. 0. 0.]
 [0. 0. 0.]
 [0. 0. 0.]]","[[0. 0. 0.]
 [0. 0. 0.]
 [0. 0. 0.]]"
13C,[28.43184277 -3.69815723  1.54585535],"[[0. 0. 0.]
 [0. 0. 0.]
 [0. 0. 0.]]","[[0. 0. 0.]
 [0. 0. 0.]
 [0. 0. 0.]]"
13C,[ 13.80171069  -7.61828931 -24.73368553],"[[0. 0. 0.]
 [0. 0. 0.]
 [0. 0. 0.]]","[[0. 0. 0.]
 [0. 0. 0.]
 [0. 0. 0.]]"
13C,[  8.29872746 -30.97127254  22.15725996],"[[0. 0. 0.]
 [0. 0. 0.]
 [0. 0. 0.]]","[[0. 0. 0.]
 [0. 0. 0.]
 [0. 0. 0.]]"
13C,[ 0.14798323 28.70798323 -8.24456184],"[[0. 0. 0.]
 [0. 0. 0.]
 [0. 0. 0.]]","[[0. 0. 0.]
 [0. 0. 0.]
 [0. 0. 0.]]"
13C,[-14.83228092   6.58771908  16.48912369],"[[0. 0. 0.]
 [0. 0. 0.]
 [0. 0. 0.]]","[[0. 0. 0.]
 [0. 0. 0.]
 [0. 0. 0.]]"
13C,[-24.86184277   0.12815723  18.55026415],"[[0. 0. 0.]
 [0. 0. 0.]
 [0. 0. 0.]]","[[0. 0. 0.]
 [0. 0. 0.]
 [0. 0. 0.]]"
13C,[ 11.71348742   9.92848742 -10.82098742],"[[0. 0. 0.]
 [0. 0. 0.]
 [0. 0. 0.]]","[[0. 0. 0.]
 [0. 0. 0.]
 [0. 0. 0.]]"
13C,[-24.73368553 -24.73368553  -4.63756604],"[[0. 0. 0.]
 [0. 0. 0.]
 [0. 0. 0.]]","[[0. 0. 0.]
 [0. 0. 0.]
 [0. 0. 0.]]"
13C,[ 0.902413   25.892413    8.24456184],"[[0. 0. 0.]
 [0. 0. 0.]
 [0. 0. 0.]]","[[0. 0. 0.]
 [0. 0. 0.]
 [0. 0. 0.]]"
13C,[19.33177673 -3.87322327  6.18342138],"[[0. 0. 0.]
 [0. 0. 0.]
 [0. 0. 0.]]","[[0. 0. 0.]
 [0. 0. 0.]
 [0. 0. 0.]]"
13C,[-29.94070231   9.32929769  11.85155765],"[[0. 0. 0.]
 [0. 0. 0.]
 [0. 0. 0.]]","[[0. 0. 0.]
 [0. 0. 0.]
 [0. 0. 0.]]"
13C,[  6.83677673   8.62177673 -24.73368553],"[[0. 0. 0.]
 [0. 0. 0.]
 [0. 0. 0.]]","[[0. 0. 0.]
 [0. 0. 0.]
 [0. 0. 0.]]"
13C,[-6.96493396 16.24006604  0.        ],"[[0. 0. 0.]
 [0. 0. 0.]
 [0. 0. 0.]]","[[0. 0. 0.]
 [0. 0. 0.]
 [0. 0. 0.]]"
13C,[-27.37418973 -14.87918973  -2.06114046],"[[0. 0. 0.]
 [0. 0. 0.]
 [0. 0. 0.]]","[[0. 0. 0.]
 [0. 0. 0.]
 [0. 0. 0.]]"
13C,[ 0.27614046  3.84614046 -2.06114046],"[[0. 0. 0.]
 [0. 0. 0.]
 [0. 0. 0.]]","[[0. 0. 0.]
 [0. 0. 0.]
 [0. 0. 0.]]"
13C,[  9.75342138   2.61342138 -23.18783019],"[[0. 0. 0.]
 [0. 0. 0.]
 [0. 0. 0.]]","[[0. 0. 0.]
 [0. 0. 0.]
 [0. 0. 0.]]"
13C,[-15.182413   -11.612413   -14.42798323],"[[0. 0. 0.]
 [0. 0. 0.]
 [0. 0. 0.]]","[[0. 0. 0.]
 [0. 0. 0.]
 [0. 0. 0.]]"
13C,[-4.72872746 27.40127254 -0.51528512],"[[0. 0. 0.]
 [0. 0. 0.]
 [0. 0. 0.]]","[[0. 0. 0.]
 [0. 0. 0.]
 [0. 0. 0.]]"
13C,[ 18.57734696  -1.05765304 -22.67254507],"[[0. 0. 0.]
 [0. 0. 0.]
 [0. 0. 0.]]","[[0. 0. 0.]
 [0. 0. 0.]
 [0. 0. 0.]]"
13C,[ -5.22684277 -19.50684277   6.18342138],"[[0. 0. 0.]
 [0. 0. 0.]
 [0. 0. 0.]]","[[0. 0. 0.]
 [0. 0. 0.]
 [0. 0. 0.]]"
13C,[-16.92050419  24.13449581   4.12228092],"[[0. 0. 0.]
 [0. 0. 0.]
 [0. 0. 0.]]","[[0. 0. 0.]
 [0. 0. 0.]
 [0. 0. 0.]]"
13C,[22.14734696 -4.62765304 15.97383857],"[[0. 0. 0.]
 [0. 0. 0.]
 [0. 0. 0.]]","[[0. 0. 0.]
 [0. 0. 0.]
 [0. 0. 0.]]"
13C,[-0.95657862 13.32342138 18.55026415],"[[0. 0. 0.]
 [0. 0. 0.]
 [0. 0. 0.]]","[[0. 0. 0.]
 [0. 0. 0.]
 [0. 0. 0.]]"
13C,[-12.46791719  -7.11291719 -16.48912369],"[[0. 0. 0.]
 [0. 0. 0.]
 [0. 0. 0.]]","[[0. 0. 0.]
 [0. 0. 0.]
 [0. 0. 0.]]"
13C,[ -1.65684277 -23.07684277  12.36684277],"[[0. 0. 0.]
 [0. 0. 0.]
 [0. 0. 0.]]","[[0. 0. 0.]
 [0. 0. 0.]
 [0. 0. 0.]]"
13C,[-24.96291719   5.38208281   3.60699581],"[[0. 0. 0.]
 [0. 0. 0.]
 [0. 0. 0.]]","[[0. 0. 0.]
 [0. 0. 0.]
 [0. 0. 0.]]"
13C,[ 16.89342138  -4.52657862 -17.0044088 ],"[[0. 0. 0.]
 [0. 0. 0.]
 [0. 0. 0.]]","[[0. 0. 0.]
 [0. 0. 0.]
 [0. 0. 0.]]"
13C,[16.5162065  -3.1187935   4.12228092],"[[0. 0. 0.]
 [0. 0. 0.]
 [0. 0. 0.]]","[[0. 0. 0.]
 [0. 0. 0.]
 [0. 0. 0.]]"
13C,[-19.02855346 -11.88855346 -18.55026415],"[[0. 0. 0.]
 [0. 0. 0.]
 [0. 0. 0.]]","[[0. 0. 0.]
 [0. 0. 0.]
 [0. 0. 0.]]"
13C,[ -9.88157862  22.24842138 -12.36684277],"[[0. 0. 0.]
 [0. 0. 0.]
 [0. 0. 0.]]","[[0. 0. 0.]
 [0. 0. 0.]
 [0. 0. 0.]]"
13C,[ -6.51372746  29.18627254 -19.06554926],"[[0. 0. 0.]
 [0. 0. 0.]
 [0. 0. 0.]]","[[0. 0. 0.]
 [0. 0. 0.]
 [0. 0. 0.]]"
13C,[  0.30322327 -15.76177673  24.73368553],"[[0. 0. 0.]
 [0. 0. 0.]
 [0. 0. 0.]]","[[0. 0. 0.]
 [0. 0. 0.]
 [0. 0. 0.]]"
13C,[-3.74506604 -5.53006604 38.64638364],"[[0. 0. 0.]
 [0. 0. 0.]
 [0. 0. 0.]]","[[0. 0. 0.]
 [0. 0. 0.]
 [0. 0. 0.]]"
13C,[ 21.14385954 -25.26614046   8.24456184],"[[0. 0. 0.]
 [0. 0. 0.]
 [0. 0. 0.]]","[[0. 0. 0.]
 [0. 0. 0.]
 [0. 0. 0.]]"
13C,[ -0.72734696 -16.79234696  16.48912369],"[[0. 0. 0.]
 [0. 0. 0.]
 [0. 0. 0.]]","[[0. 0. 0.]
 [0. 0. 0.]
 [0. 0. 0.]]"
13C,[ 3.19278512 -2.16221488  5.66813627],"[[0. 0. 0.]
 [0. 0. 0.]
 [0. 0. 0.]]","[[0. 0. 0.]
 [0. 0. 0.]
 [0. 0. 0.]]"
13C,[-15.45855346 -15.45855346   7.72927673],"[[0. 0. 0.]
 [0. 0. 0.]
 [0. 0. 0.]]","[[0. 0. 0.]
 [0. 0. 0.]
 [0. 0. 0.]]"
13C,[-22.87469392 -12.16469392  -2.57642558],"[[0. 0. 0.]
 [0. 0. 0.]
 [0. 0. 0.]]","[[0. 0. 0.]
 [0. 0. 0.]
 [0. 0. 0.]]"
13C,[7.31506604 1.96006604 1.54585535],"[[0. 0. 0.]
 [0. 0. 0.]
 [0. 0. 0.]]","[[0. 0. 0.]
 [0. 0. 0.]
 [0. 0. 0.]]"
13C,[-13.07436373  24.41063627  -8.75984696],"[[0. 0. 0.]
 [0. 0. 0.]
 [0. 0. 0.]]","[[0. 0. 0.]
 [0. 0. 0.]
 [0. 0. 0.]]"
13C,[15.76177673 -0.30322327 24.73368553],"[[0. 0. 0.]
 [0. 0. 0.]
 [0. 0. 0.]]","[[0. 0. 0.]
 [0. 0. 0.]
 [0. 0. 0.]]"
13C,[ 13.70063627  -2.36436373 -21.12668973],"[[0. 0. 0.]
 [0. 0. 0.]
 [0. 0. 0.]]","[[0. 0. 0.]
 [0. 0. 0.]
 [0. 0. 0.]]"
13C,[  5.28100839 -19.70899161  22.67254507],"[[0. 0. 0.]
 [0. 0. 0.]
 [0. 0. 0.]]","[[0. 0. 0.]
 [0. 0. 0.]
 [0. 0. 0.]]"
13C,[  3.54291719  16.03791719 -20.61140461],"[[0. 0. 0.]
 [0. 0. 0.]
 [0. 0. 0.]]","[[0. 0. 0.]
 [0. 0. 0.]
 [0. 0. 0.]]"
13C,[ -5.28100839  19.70899161 -28.85596645],"[[0. 0. 0.]
 [0. 0. 0.]
 [0. 0. 0.]]","[[0. 0. 0.]
 [0. 0. 0.]
 [0. 0. 0.]]"
13C,[ -7.76627254 -14.90627254   9.79041719],"[[0. 0. 0.]
 [0. 0. 0.]
 [0. 0. 0.]]","[[0. 0. 0.]
 [0. 0. 0.]
 [0. 0. 0.]]"
13C,[ -8.925        8.925      -23.18783019],"[[0. 0. 0.]
 [0. 0. 0.]
 [0. 0. 0.]]","[[0. 0. 0.]
 [0. 0. 0.]
 [0. 0. 0.]]"
13C,[-0.47828931  6.66171069 13.91269811],"[[0. 0. 0.]
 [0. 0. 0.]
 [0. 0. 0.]]","[[0. 0. 0.]
 [0. 0. 0.]
 [0. 0. 0.]]"
13C,[-13.90278512  12.87221488   8.24456184],"[[0. 0. 0.]
 [0. 0. 0.]
 [0. 0. 0.]]","[[0. 0. 0.]
 [0. 0. 0.]
 [0. 0. 0.]]"
13C,[-10.85798323 -17.99798323   3.60699581],"[[0. 0. 0.]
 [0. 0. 0.]
 [0. 0. 0.]]","[[0. 0. 0.]
 [0. 0. 0.]
 [0. 0. 0.]]"
13C,[ 22.59855346   8.31855346 -10.82098742],"[[0. 0. 0.]
 [0. 0. 0.]
 [0. 0. 0.]]","[[0. 0. 0.]
 [0. 0. 0.]
 [0. 0. 0.]]"
13C,[-5.17993396 14.45506604 18.55026415],"[[0. 0. 0.]
 [0. 0. 0.]
 [0. 0. 0.]]","[[0. 0. 0.]
 [0. 0. 0.]
 [0. 0. 0.]]"
13C,[24.65969392 10.37969392 11.85155765],"[[0. 0. 0.]
 [0. 0. 0.]
 [0. 0. 0.]]","[[0. 0. 0.]
 [0. 0. 0.]
 [0. 0. 0.]]"
13C,[  9.40328931 -15.58671069 -10.82098742],"[[0. 0. 0.]
 [0. 0. 0.]
 [0. 0. 0.]]","[[0. 0. 0.]
 [0. 0. 0.]
 [0. 0. 0.]]"
13C,[-18.85348742  -2.78848742  20.09611949],"[[0. 0. 0.]
 [0. 0. 0.]
 [0. 0. 0.]]","[[0. 0. 0.]
 [0. 0. 0.]
 [0. 0. 0.]]"
13C,[-23.15083438 -16.01083438  -2.06114046],"[[0. 0. 0.]
 [0. 0. 0.]
 [0. 0. 0.]]","[[0. 0. 0.]
 [0. 0. 0.]
 [0. 0. 0.]]"
13C,[-24.35647065 -26.14147065 -14.94326834],"[[0. 0. 0.]
 [0. 0. 0.]
 [0. 0. 0.]]","[[0. 0. 0.]
 [0. 0. 0.]
 [0. 0. 0.]]"
13C,[ -7.99550419  15.20949581 -25.24897065],"[[0. 0. 0.]
 [0. 0. 0.]
 [0. 0. 0.]]","[[0. 0. 0.]
 [0. 0. 0.]
 [0. 0. 0.]]"
13C,[-12.56899161  -1.85899161  16.48912369],"[[0. 0. 0.]
 [0. 0. 0.]
 [0. 0. 0.]]","[[0. 0. 0.]
 [0. 0. 0.]
 [0. 0. 0.]]"
13C,[  3.42201677 -32.27798323  15.97383857],"[[0. 0. 0.]
 [0. 0. 0.]
 [0. 0. 0.]]","[[0. 0. 0.]
 [0. 0. 0.]
 [0. 0. 0.]]"
13C,[23.04975996 21.26475996  5.66813627],"[[0. 0. 0.]
 [0. 0. 0.]
 [0. 0. 0.]]","[[0. 0. 0.]
 [0. 0. 0.]
 [0. 0. 0.]]"
13C,[ -6.45956184 -10.02956184 -14.94326834],"[[0. 0. 0.]
 [0. 0. 0.]
 [0. 0. 0.]]","[[0. 0. 0.]
 [0. 0. 0.]
 [0. 0. 0.]]"
13C,[ 3.39619088e+01  4.69088033e-02 -2.66453526e-15],"[[0. 0. 0.]
 [0. 0. 0.]
 [0. 0. 0.]]","[[0. 0. 0.]
 [0. 0. 0.]
 [0. 0. 0.]]"
13C,[ 2.16221488 -3.19278512 22.15725996],"[[0. 0. 0.]
 [0. 0. 0.]
 [0. 0. 0.]]","[[0. 0. 0.]
 [0. 0. 0.]
 [0. 0. 0.]]"
13C,[-19.12962788  -6.63462788  15.97383857],"[[0. 0. 0.]
 [0. 0. 0.]
 [0. 0. 0.]]","[[0. 0. 0.]
 [0. 0. 0.]
 [0. 0. 0.]]"
13C,[  8.27164465 -11.36335535   7.72927673],"[[0. 0. 0.]
 [0. 0. 0.]
 [0. 0. 0.]]","[[0. 0. 0.]
 [0. 0. 0.]
 [0. 0. 0.]]"
13C,[9.65234696 7.86734696 3.60699581],"[[0. 0. 0.]
 [0. 0. 0.]
 [0. 0. 0.]]","[[0. 0. 0.]
 [0. 0. 0.]
 [0. 0. 0.]]"
13C,[ 8.62177673e+00  6.83677673e+00 -4.44089210e-16],"[[0. 0. 0.]
 [0. 0. 0.]
 [0. 0. 0.]]","[[0. 0. 0.]
 [0. 0. 0.]
 [0. 0. 0.]]"
13C,[ -3.74506604  -5.53006604 -35.55467295],"[[0. 0. 0.]
 [0. 0. 0.]
 [0. 0. 0.]]","[[0. 0. 0.]
 [0. 0. 0.]
 [0. 0. 0.]]"
13C,[-16.48912369 -16.48912369 -26.79482599],"[[0. 0. 0.]
 [0. 0. 0.]
 [0. 0. 0.]]","[[0. 0. 0.]
 [0. 0. 0.]
 [0. 0. 0.]]"
13C,[  5.83328931 -12.01671069   6.18342138],"[[0. 0. 0.]
 [0. 0. 0.]
 [0. 0. 0.]]","[[0. 0. 0.]
 [0. 0. 0.]
 [0. 0. 0.]]"
13C,[ 4.67456184 11.81456184 10.30570231],"[[0. 0. 0.]
 [0. 0. 0.]
 [0. 0. 0.]]","[[0. 0. 0.]
 [0. 0. 0.]
 [0. 0. 0.]]"
13C,[11.03304926 27.09804926 -0.51528512],"[[0. 0. 0.]
 [0. 0. 0.]
 [0. 0. 0.]]","[[0. 0. 0.]
 [0. 0. 0.]
 [0. 0. 0.]]"
13C,[30.59405765 -6.89094235 -8.75984696],"[[0. 0. 0.]
 [0. 0. 0.]
 [0. 0. 0.]]","[[0. 0. 0.]
 [0. 0. 0.]
 [0. 0. 0.]]"
13C,[-2.21202641e+01 -1.49802641e+01  2.66453526e-15],"[[0. 0. 0.]
 [0. 0. 0.]
 [0. 0. 0.]]","[[0. 0. 0.]
 [0. 0. 0.]
 [0. 0. 0.]]"
13C,[-6.89094235 30.59405765 -2.57642558],"[[0. 0. 0.]
 [0. 0. 0.]
 [0. 0. 0.]]","[[0. 0. 0.]
 [0. 0. 0.]
 [0. 0. 0.]]"
13C,[-6.86385954 10.98614046  5.66813627],"[[0. 0. 0.]
 [0. 0. 0.]
 [0. 0. 0.]]","[[0. 0. 0.]
 [0. 0. 0.]
 [0. 0. 0.]]"
13C,[-3.94721488  4.97778512 -2.06114046],"[[0. 0. 0.]
 [0. 0. 0.]
 [0. 0. 0.]]","[[0. 0. 0.]
 [0. 0. 0.]
 [0. 0. 0.]]"
13C,[ 19.60791719  -0.02708281 -20.61140461],"[[0. 0. 0.]
 [0. 0. 0.]
 [0. 0. 0.]]","[[0. 0. 0.]
 [0. 0. 0.]
 [0. 0. 0.]]"
13C,[-14.7312065    1.3337935   15.97383857],"[[0. 0. 0.]
 [0. 0. 0.]
 [0. 0. 0.]]","[[0. 0. 0.]
 [0. 0. 0.]
 [0. 0. 0.]]"
13C,[-10.40677673  -5.05177673 -23.18783019],"[[0. 0. 0.]
 [0. 0. 0.]
 [0. 0. 0.]]","[[0. 0. 0.]
 [0. 0. 0.]
 [0. 0. 0.]]"
13C,[-22.55164465  25.64335535   0.        ],"[[0. 0. 0.]
 [0. 0. 0.]
 [0. 0. 0.]]","[[0. 0. 0.]
 [0. 0. 0.]
 [0. 0. 0.]]"
13C,[ -2.88956184 -13.59956184 -10.30570231],"[[0. 0. 0.]
 [0. 0. 0.]
 [0. 0. 0.]]","[[0. 0. 0.]
 [0. 0. 0.]
 [0. 0. 0.]]"
13C,[ -0.47828931   6.66171069 -10.82098742],"[[0. 0. 0.]
 [0. 0. 0.]
 [0. 0. 0.]]","[[0. 0. 0.]
 [0. 0. 0.]
 [0. 0. 0.]]"
13C,[ 3.67107442 -8.82392558 16.48912369],"[[0. 0. 0.]
 [0. 0. 0.]
 [0. 0. 0.]]","[[0. 0. 0.]
 [0. 0. 0.]
 [0. 0. 0.]]"
13C,[-25.13798323  -3.71798323   9.79041719],"[[0. 0. 0.]
 [0. 0. 0.]
 [0. 0. 0.]]","[[0. 0. 0.]
 [0. 0. 0.]
 [0. 0. 0.]]"
13C,[18.27412369 14.70412369 22.15725996],"[[0. 0. 0.]
 [0. 0. 0.]
 [0. 0. 0.]]","[[0. 0. 0.]
 [0. 0. 0.]
 [0. 0. 0.]]"
13C,[13.47140461 27.75140461 11.85155765],"[[0. 0. 0.]
 [0. 0. 0.]
 [0. 0. 0.]]","[[0. 0. 0.]
 [0. 0. 0.]
 [0. 0. 0.]]"
13C,[ -5.15285115  -5.15285115 -33.49353249],"[[0. 0. 0.]
 [0. 0. 0.]
 [0. 0. 0.]]","[[0. 0. 0.]
 [0. 0. 0.]
 [0. 0. 0.]]"
13C,[-6.96493396 16.24006604 12.36684277],"[[0. 0. 0.]
 [0. 0. 0.]
 [0. 0. 0.]]","[[0. 0. 0.]
 [0. 0. 0.]
 [0. 0. 0.]]"
13C,[  9.30221488 -10.33278512  -2.57642558],"[[0. 0. 0.]
 [0. 0. 0.]
 [0. 0. 0.]]","[[0. 0. 0.]
 [0. 0. 0.]
 [0. 0. 0.]]"
13C,[ -2.43835535  -0.65335535 -37.1005283 ],"[[0. 0. 0.]
 [0. 0. 0.]
 [0. 0. 0.]]","[[0. 0. 0.]
 [0. 0. 0.]
 [0. 0. 0.]]"
13C,[-17.41861949 -22.77361949  -6.18342138],"[[0. 0. 0.]
 [0. 0. 0.]
 [0. 0. 0.]]","[[0. 0. 0.]
 [0. 0. 0.]
 [0. 0. 0.]]"
13C,[30.59405765 -6.89094235 -2.57642558],"[[0. 0. 0.]
 [0. 0. 0.]
 [0. 0. 0.]]","[[0. 0. 0.]
 [0. 0. 0.]
 [0. 0. 0.]]"
13C,[-21.94519811  -5.88019811   7.72927673],"[[0. 0. 0.]
 [0. 0. 0.]
 [0. 0. 0.]]","[[0. 0. 0.]
 [0. 0. 0.]
 [0. 0. 0.]]"
13C,[  8.64885954 -12.77114046  -2.57642558],"[[0. 0. 0.]
 [0. 0. 0.]
 [0. 0. 0.]]","[[0. 0. 0.]
 [0. 0. 0.]
 [0. 0. 0.]]"
13C,[-15.41164465  18.50335535  -6.18342138],"[[0. 0. 0.]
 [0. 0. 0.]
 [0. 0. 0.]]","[[0. 0. 0.]
 [0. 0. 0.]
 [0. 0. 0.]]"
13C,[23.90526415 13.19526415 -4.63756604],"[[0. 0. 0.]
 [0. 0. 0.]
 [0. 0. 0.]]","[[0. 0. 0.]
 [0. 0. 0.]
 [0. 0. 0.]]"
13C,[27.82539622 27.82539622 13.91269811],"[[0. 0. 0.]
 [0. 0. 0.]
 [0. 0. 0.]]","[[0. 0. 0.]
 [0. 0. 0.]
 [0. 0. 0.]]"
13C,[ 0.62627254 22.04627254 -0.51528512],"[[0. 0. 0.]
 [0. 0. 0.]
 [0. 0. 0.]]","[[0. 0. 0.]
 [0. 0. 0.]
 [0. 0. 0.]]"
13C,[-2.61342138 -9.75342138  6.18342138],"[[0. 0. 0.]
 [0. 0. 0.]
 [0. 0. 0.]]","[[0. 0. 0.]
 [0. 0. 0.]
 [0. 0. 0.]]"
13C,[ 23.93234696  -6.41265304 -10.30570231],"[[0. 0. 0.]
 [0. 0. 0.]
 [0. 0. 0.]]","[[0. 0. 0.]
 [0. 0. 0.]
 [0. 0. 0.]]"
13C,[-7.16708281 26.74791719 -0.51528512],"[[0. 0. 0.]
 [0. 0. 0.]
 [0. 0. 0.]]","[[0. 0. 0.]
 [0. 0. 0.]
 [0. 0. 0.]]"
13C,[-5.83328931 12.01671069  6.18342138],"[[0. 0. 0.]
 [0. 0. 0.]
 [0. 0. 0.]]","[[0. 0. 0.]
 [0. 0. 0.]
 [0. 0. 0.]]"
13C,[  7.06600839 -21.49399161  22.67254507],"[[0. 0. 0.]
 [0. 0. 0.]
 [0. 0. 0.]]","[[0. 0. 0.]
 [0. 0. 0.]
 [0. 0. 0.]]"
13C,[-21.69614046  17.57385954  -2.57642558],"[[0. 0. 0.]
 [0. 0. 0.]
 [0. 0. 0.]]","[[0. 0. 0.]
 [0. 0. 0.]
 [0. 0. 0.]]"
13C,[16.86633857 15.08133857 30.4018218 ],"[[0. 0. 0.]
 [0. 0. 0.]
 [0. 0. 0.]]","[[0. 0. 0.]
 [0. 0. 0.]
 [0. 0. 0.]]"
13C,[  0.02708281 -19.60791719  15.97383857],"[[0. 0. 0.]
 [0. 0. 0.]
 [0. 0. 0.]]","[[0. 0. 0.]
 [0. 0. 0.]
 [0. 0. 0.]]"
13C,[ 0.07399161 14.35399161 20.61140461],"[[0. 0. 0.]
 [0. 0. 0.]
 [0. 0. 0.]]","[[0. 0. 0.]
 [0. 0. 0.]
 [0. 0. 0.]]"
13C,[  8.14348742  13.49848742 -17.0044088 ],"[[0. 0. 0.]
 [0. 0. 0.]
 [0. 0. 0.]]","[[0. 0. 0.]
 [0. 0. 0.]
 [0. 0. 0.]]"
13C,[-15.45855346 -15.45855346   1.54585535],"[[0. 0. 0.]
 [0. 0. 0.]
 [0. 0. 0.]]","[[0. 0. 0.]
 [0. 0. 0.]
 [0. 0. 0.]]"
13C,[-2.74157862e+00  1.51084214e+01 -2.22044605e-15],"[[0. 0. 0.]
 [0. 0. 0.]
 [0. 0. 0.]]","[[0. 0. 0.]
 [0. 0. 0.]
 [0. 0. 0.]]"
13C,[19.75590042 28.68090042  9.79041719],"[[0. 0. 0.]
 [0. 0. 0.]
 [0. 0. 0.]]","[[0. 0. 0.]
 [0. 0. 0.]
 [0. 0. 0.]]"
13C,[ 28.15570231  -7.54429769 -10.30570231],"[[0. 0. 0.]
 [0. 0. 0.]
 [0. 0. 0.]]","[[0. 0. 0.]
 [0. 0. 0.]
 [0. 0. 0.]]"
13C,[-5.10594235 28.80905765  2.06114046],"[[0. 0. 0.]
 [0. 0. 0.]
 [0. 0. 0.]]","[[0. 0. 0.]
 [0. 0. 0.]
 [0. 0. 0.]]"
13C,[ -2.96355346 -27.95355346   1.54585535],"[[0. 0. 0.]
 [0. 0. 0.]
 [0. 0. 0.]]","[[0. 0. 0.]
 [0. 0. 0.]
 [0. 0. 0.]]"
13C,[-9.85449581  2.64050419 15.97383857],"[[0. 0. 0.]
 [0. 0. 0.]
 [0. 0. 0.]]","[[0. 0. 0.]
 [0. 0. 0.]
 [0. 0. 0.]]"
13C,[ 13.52557023 -11.46442977 -21.12668973],"[[0. 0. 0.]
 [0. 0. 0.]
 [0. 0. 0.]]","[[0. 0. 0.]
 [0. 0. 0.]
 [0. 0. 0.]]"
13C,[  9.75342138   2.61342138 -17.0044088 ],"[[0. 0. 0.]
 [0. 0. 0.]
 [0. 0. 0.]]","[[0. 0. 0.]
 [0. 0. 0.]
 [0. 0. 0.]]"
13C,[ -9.92848742 -11.71348742  -4.63756604],"[[0. 0. 0.]
 [0. 0. 0.]
 [0. 0. 0.]]","[[0. 0. 0.]
 [0. 0. 0.]
 [0. 0. 0.]]"
13C,[ 23.205      -23.205        7.72927673],"[[0. 0. 0.]
 [0. 0. 0.]
 [0. 0. 0.]]","[[0. 0. 0.]
 [0. 0. 0.]
 [0. 0. 0.]]"
13C,[31.11925576 20.40925576  9.79041719],"[[0. 0. 0.]
 [0. 0. 0.]
 [0. 0. 0.]]","[[0. 0. 0.]
 [0. 0. 0.]
 [0. 0. 0.]]"
13C,[30.97127254 -8.29872746 -2.06114046],"[[0. 0. 0.]
 [0. 0. 0.]
 [0. 0. 0.]]","[[0. 0. 0.]
 [0. 0. 0.]
 [0. 0. 0.]]"
13C,[13.397413   13.397413   32.97824738],"[[0. 0. 0.]
 [0. 0. 0.]
 [0. 0. 0.]]","[[0. 0. 0.]
 [0. 0. 0.]
 [0. 0. 0.]]"
13C,[  0.92949581   6.28449581 -14.42798323],"[[0. 0. 0.]
 [0. 0. 0.]
 [0. 0. 0.]]","[[0. 0. 0.]
 [0. 0. 0.]
 [0. 0. 0.]]"
13C,[ -2.91664465   6.00835535 -23.18783019],"[[0. 0. 0.]
 [0. 0. 0.]
 [0. 0. 0.]]","[[0. 0. 0.]
 [0. 0. 0.]
 [0. 0. 0.]]"
13C,[-15.08133857 -16.86633857   8.24456184],"[[0. 0. 0.]
 [0. 0. 0.]
 [0. 0. 0.]]","[[0. 0. 0.]
 [0. 0. 0.]
 [0. 0. 0.]]"
13C,[ 0.42412369 32.55412369  2.06114046],"[[0. 0. 0.]
 [0. 0. 0.]
 [0. 0. 0.]]","[[0. 0. 0.]
 [0. 0. 0.]
 [0. 0. 0.]]"
13C,[ 13.8287935  -27.2262065    8.24456184],"[[0. 0. 0.]
 [0. 0. 0.]
 [0. 0. 0.]]","[[0. 0. 0.]
 [0. 0. 0.]
 [0. 0. 0.]]"
13C,[ 22.62563627 -11.28936373   2.06114046],"[[0. 0. 0.]
 [0. 0. 0.]
 [0. 0. 0.]]","[[0. 0. 0.]
 [0. 0. 0.]
 [0. 0. 0.]]"
13C,[-33.78684277   9.05315723  20.09611949],"[[0. 0. 0.]
 [0. 0. 0.]
 [0. 0. 0.]]","[[0. 0. 0.]
 [0. 0. 0.]
 [0. 0. 0.]]"
13C,[ 9.55127254 13.12127254 -6.6987065 ],"[[0. 0. 0.]
 [0. 0. 0.]
 [0. 0. 0.]]","[[0. 0. 0.]
 [0. 0. 0.]
 [0. 0. 0.]]"
13C,[ 7.86734696  9.65234696 22.15725996],"[[0. 0. 0.]
 [0. 0. 0.]
 [0. 0. 0.]]","[[0. 0. 0.]
 [0. 0. 0.]
 [0. 0. 0.]]"
13C,[ 26.19563627 -14.85936373  -8.75984696],"[[0. 0. 0.]
 [0. 0. 0.]
 [0. 0. 0.]]","[[0. 0. 0.]
 [0. 0. 0.]
 [0. 0. 0.]]"
13C,[15.83576834 14.05076834 22.15725996],"[[0. 0. 0.]
 [0. 0. 0.]
 [0. 0. 0.]]","[[0. 0. 0.]
 [0. 0. 0.]
 [0. 0. 0.]]"
13C,[-26.39778512  25.36721488   2.06114046],"[[0. 0. 0.]
 [0. 0. 0.]
 [0. 0. 0.]]","[[0. 0. 0.]
 [0. 0. 0.]
 [0. 0. 0.]]"
13C,[ 16.16607442 -21.31892558  10.30570231],"[[0. 0. 0.]
 [0. 0. 0.]
 [0. 0. 0.]]","[[0. 0. 0.]
 [0. 0. 0.]
 [0. 0. 0.]]"
13C,[-12.84513207  -5.70513207  24.73368553],"[[0. 0. 0.]
 [0. 0. 0.]
 [0. 0. 0.]]","[[0. 0. 0.]
 [0. 0. 0.]
 [0. 0. 0.]]"
13C,[ -5.73221488   6.76278512 -19.06554926],"[[0. 0. 0.]
 [0. 0. 0.]
 [0. 0. 0.]]","[[0. 0. 0.]
 [0. 0. 0.]
 [0. 0. 0.]]"
13C,[ 31.72570231 -11.11429769 -10.30570231],"[[0. 0. 0.]
 [0. 0. 0.]
 [0. 0. 0.]]","[[0. 0. 0.]
 [0. 0. 0.]
 [0. 0. 0.]]"
13C,[ 24.61278512 -23.58221488  -2.06114046],"[[0. 0. 0.]
 [0. 0. 0.]
 [0. 0. 0.]]","[[0. 0. 0.]
 [0. 0. 0.]
 [0. 0. 0.]]"
13C,[-16.59019811 -11.23519811   1.54585535],"[[0. 0. 0.]
 [0. 0. 0.]
 [0. 0. 0.]]","[[0. 0. 0.]
 [0. 0. 0.]
 [0. 0. 0.]]"
13C,[  2.08822327 -17.54677673  32.46296226],"[[0. 0. 0.]
 [0. 0. 0.]
 [0. 0. 0.]]","[[0. 0. 0.]
 [0. 0. 0.]
 [0. 0. 0.]]"
13C,[-12.29285115   1.98714885  -4.12228092],"[[0. 0. 0.]
 [0. 0. 0.]
 [0. 0. 0.]]","[[0. 0. 0.]
 [0. 0. 0.]
 [0. 0. 0.]]"
13C,[ 8.52070231 12.09070231 -2.57642558],"[[0. 0. 0.]
 [0. 0. 0.]
 [0. 0. 0.]]","[[0. 0. 0.]
 [0. 0. 0.]
 [0. 0. 0.]]"
13C,[-19.58083438 -19.58083438   4.12228092],"[[0. 0. 0.]
 [0. 0. 0.]
 [0. 0. 0.]]","[[0. 0. 0.]
 [0. 0. 0.]
 [0. 0. 0.]]"
13C,[ -8.57486793  27.12513207 -10.82098742],"[[0. 0. 0.]
 [0. 0. 0.]
 [0. 0. 0.]]","[[0. 0. 0.]
 [0. 0. 0.]
 [0. 0. 0.]]"
13C,[ 11.53842138   0.82842138 -12.36684277],"[[0. 0. 0.]
 [0. 0. 0.]
 [0. 0. 0.]]","[[0. 0. 0.]
 [0. 0. 0.]
 [0. 0. 0.]]"
13C,[-28.98412369  -3.99412369  -0.51528512],"[[0. 0. 0.]
 [0. 0. 0.]
 [0. 0. 0.]]","[[0. 0. 0.]
 [0. 0. 0.]
 [0. 0. 0.]]"
13C,[-0.10107442  5.25392558 14.42798323],"[[0. 0. 0.]
 [0. 0. 0.]
 [0. 0. 0.]]","[[0. 0. 0.]
 [0. 0. 0.]
 [0. 0. 0.]]"
13C,[-20.36234696   2.84265304   4.12228092],"[[0. 0. 0.]
 [0. 0. 0.]
 [0. 0. 0.]]","[[0. 0. 0.]
 [0. 0. 0.]
 [0. 0. 0.]]"
13C,[-13.62664465  16.71835535 -18.55026415],"[[0. 0. 0.]
 [0. 0. 0.]
 [0. 0. 0.]]","[[0. 0. 0.]
 [0. 0. 0.]
 [0. 0. 0.]]"
13C,[  7.64537212 -33.40962788  15.97383857],"[[0. 0. 0.]
 [0. 0. 0.]
 [0. 0. 0.]]","[[0. 0. 0.]
 [0. 0. 0.]
 [0. 0. 0.]]"
13C,[11.23519811 16.59019811 12.36684277],"[[0. 0. 0.]
 [0. 0. 0.]
 [0. 0. 0.]]","[[0. 0. 0.]
 [0. 0. 0.]
 [0. 0. 0.]]"
13C,[-10.71        10.71        26.27954088],"[[0. 0. 0.]
 [0. 0. 0.]
 [0. 0. 0.]]","[[0. 0. 0.]
 [0. 0. 0.]
 [0. 0. 0.]]"
13C,[  8.64885954 -12.77114046 -22.67254507],"[[0. 0. 0.]
 [0. 0. 0.]
 [0. 0. 0.]]","[[0. 0. 0.]
 [0. 0. 0.]
 [0. 0. 0.]]"
13C,[10.50785115 -0.20214885 11.85155765],"[[0. 0. 0.]
 [0. 0. 0.]
 [0. 0. 0.]]","[[0. 0. 0.]
 [0. 0. 0.]
 [0. 0. 0.]]"
13C,[-11.84164465  14.93335535  12.36684277],"[[0. 0. 0.]
 [0. 0. 0.]
 [0. 0. 0.]]","[[0. 0. 0.]
 [0. 0. 0.]
 [0. 0. 0.]]"
13C,[-21.74304926 -16.38804926   3.60699581],"[[0. 0. 0.]
 [0. 0. 0.]
 [0. 0. 0.]]","[[0. 0. 0.]
 [0. 0. 0.]
 [0. 0. 0.]]"
13C,[-23.38006604  14.10493396  13.91269811],"[[0. 0. 0.]
 [0. 0. 0.]
 [0. 0. 0.]]","[[0. 0. 0.]
 [0. 0. 0.]
 [0. 0. 0.]]"
13C,[-10.63600839  25.06399161   2.06114046],"[[0. 0. 0.]
 [0. 0. 0.]
 [0. 0. 0.]]","[[0. 0. 0.]
 [0. 0. 0.]
 [0. 0. 0.]]"
13C,[13.59956184  2.88956184 24.21840042],"[[0. 0. 0.]
 [0. 0. 0.]
 [0. 0. 0.]]","[[0. 0. 0.]
 [0. 0. 0.]
 [0. 0. 0.]]"
13C,[ 19.53392558 -14.38107442  -4.12228092],"[[0. 0. 0.]
 [0. 0. 0.]
 [0. 0. 0.]]","[[0. 0. 0.]
 [0. 0. 0.]
 [0. 0. 0.]]"
13C,[  9.43037212 -35.19462788  14.42798323],"[[0. 0. 0.]
 [0. 0. 0.]
 [0. 0. 0.]]","[[0. 0. 0.]
 [0. 0. 0.]
 [0. 0. 0.]]"
13C,[ 9.20114046 -5.07885954 16.48912369],"[[0. 0. 0.]
 [0. 0. 0.]
 [0. 0. 0.]]","[[0. 0. 0.]
 [0. 0. 0.]
 [0. 0. 0.]]"
13C,[10.68291719  8.89791719  5.66813627],"[[0. 0. 0.]
 [0. 0. 0.]
 [0. 0. 0.]]","[[0. 0. 0.]
 [0. 0. 0.]
 [0. 0. 0.]]"
13C,[-13.62664465  16.71835535  20.09611949],"[[0. 0. 0.]
 [0. 0. 0.]
 [0. 0. 0.]]","[[0. 0. 0.]
 [0. 0. 0.]
 [0. 0. 0.]]"
13C,[-0.47828931  6.66171069 20.09611949],"[[0. 0. 0.]
 [0. 0. 0.]
 [0. 0. 0.]]","[[0. 0. 0.]
 [0. 0. 0.]
 [0. 0. 0.]]"
13C,[-21.21785115  10.91214885  22.15725996],"[[0. 0. 0.]
 [0. 0. 0.]
 [0. 0. 0.]]","[[0. 0. 0.]
 [0. 0. 0.]
 [0. 0. 0.]]"
13C,[-22.42348742   0.78151258  20.09611949],"[[0. 0. 0.]
 [0. 0. 0.]
 [0. 0. 0.]]","[[0. 0. 0.]
 [0. 0. 0.]
 [0. 0. 0.]]"
13C,[-24.13449581  16.92050419  -2.57642558],"[[0. 0. 0.]
 [0. 0. 0.]
 [0. 0. 0.]]","[[0. 0. 0.]
 [0. 0. 0.]
 [0. 0. 0.]]"
13C,[  8.022587   -34.817413    18.03497903],"[[0. 0. 0.]
 [0. 0. 0.]
 [0. 0. 0.]]","[[0. 0. 0.]
 [0. 0. 0.]
 [0. 0. 0.]]"
13C,[-21.01570231   0.40429769  16.48912369],"[[0. 0. 0.]
 [0. 0. 0.]
 [0. 0. 0.]]","[[0. 0. 0.]
 [0. 0. 0.]
 [0. 0. 0.]]"
14N,[4.44089210e-16 4.44089210e-16 3.09171069e+00],"[[0. 0. 0.]
 [0. 0. 0.]
 [0. 0. 0.]]","[[0. 0. 0.]
 [0. 0. 0.]
 [0. 0. 0.]]"
e,[4.44089210e-16 4.44089210e-16 3.09171069e+00],"[[0. 0. 0.]
 [0. 0. 0.]
 [0. 0. 0.]]","[[0. 0. 0.]
 [0. 0. 0.]
 [0. 0. 0.]]"
